<?xml version="1.0" encoding="UTF-8"?>
<!DOCTYPE generatorConfiguration
        PUBLIC "-//mybatis.org//DTD MyBatis Generator Configuration 1.0//EN"
        "http://mybatis.org/dtd/mybatis-generator-config_1_0.dtd">

<generatorConfiguration>
    <!--指定连接数据库的JDBC 驱动包所在位置，指定到你本机的完整路径-->
    <classPathEntry location="D:\mysql-connector-java-8.0.26.jar"/>
    <!--配置table表信息内容体，targetRuntime 指定采用MyBatis3的版本-->
    <context id="tables" targetRuntime="MyBatis3">
        <!--抑制生成注释，由于生成的注释都是英文的，可以不让它生成-->
        <commentGenerator>
            <property name="suppressAllComments" value="true" />
        </commentGenerator>
        <!--配置数据库连接信息-->
        <jdbcConnection driverClass="com.mysql.cj.jdbc.Driver"
                        connectionURL="jdbc:mysql://localhost:3306/springboot"
                        userId="root"
                        password="zjx5433013">
            <property name="nullCatalogMeansCurrent" value="true"/>

        </jdbcConnection>

        <!--生成model 类，targetPackage 指定 model 类的包名，targetProject 指定
        生成的 model放在eclipse的哪个工程下面-->
        <javaModelGenerator targetPackage="com.example.demo2.model"
                            targetProject="src/main/java">
            <property name="enableSubPackages" value="false"/>
            <property name="trimStrings" value="false"/>
        </javaModelGenerator>
        <!--生成 MyBatis的Mapper.xml文件，targetPackage 指定 mapper.xml文件的包名，targetProject 指定生成的 mapper.xml放在 eclipse的哪个工程下面
        -->
        <sqlMapGenerator targetPackage="com.example.demo2.mapper"
                         targetProject="src/main/java">
            <property name="enableSubPackages" value="false"/>
        </sqlMapGenerator>
        <!--生成 MyBatis的 Mapper接口类文件,targetPackage 指定 Mapper 接口类的包名，targetProject 指定生成的 Mapper 接口放在eclipse 的哪个工程下面
        -->
        <javaClientGenerator type="XMLMAPPER"
                             targetPackage="com.example.demo2.mapper"
                             targetProject="src/main/javaa">
            <property name="enableSubPackages" value="false"/>
        </javaClientGenerator>

        <!--数据库表名及对应的Java模型类名-->
        <table tableName="user" domainObjectName="User"
               enableCountByExample="false"
               enableUpdateByExample="false"
               enableDeleteByExample="false"
               enableSelectByExample="false"
               selectByExampleQueryId="false" />
    </context>
</generatorConfiguration>